repetition,num_actions,occurrence_ratio,conflct_ratio,time_performance,makespan,total_waiting_time,total_flow_time
1,500,1,0.01,133.013,17.0,2141.0,2640.0
2,500,1,0.01,110.77299999999998,15.0,1864.0,2363.0
3,500,1,0.01,92.7,13.0,1421.0,1920.0
4,500,1,0.01,108.15500000000002,15.0,1780.0,2279.0
5,500,1,0.01,83.214,11.0,1283.0,1782.0
6,500,1,0.01,105.65933333333334,14.0,1682.0,2181.0
7,500,1,0.01,140.99699999999999,17.0,2250.0,2749.0
8,500,1,0.01,101.93299999999999,13.0,1710.0,2209.0
9,500,1,0.01,110.03166666666665,13.0,1767.0,2266.0
10,500,1,0.01,99.738,13.0,1731.0,2230.0
1,500,1,0.02,179.50633333333334,21.0,3325.0,3824.0
2,500,1,0.02,206.787,25.0,4122.0,4621.0
3,500,1,0.02,170.05133333333333,21.0,3503.0,4002.0
4,500,1,0.02,191.79733333333334,24.0,3778.0,4277.0
5,500,1,0.02,228.9466666666667,25.0,4578.0,5077.0
6,500,1,0.02,182.58966666666666,21.0,3908.0,4407.0
7,500,1,0.02,208.14833333333334,25.0,4164.0,4663.0
8,500,1,0.02,172.052,22.0,3382.0,3881.0
9,500,1,0.02,240.9416666666667,28.0,4796.0,5295.0
10,500,1,0.02,180.69666666666663,20.0,3668.0,4167.0
1,500,1,0.03,273.8066666666667,32.0,5604.0,6103.0
2,500,1,0.03,304.373,34.0,6514.0,7013.0
3,500,1,0.03,324.942,34.0,6883.0,7382.0
4,500,1,0.03,297.76933333333335,33.0,6352.0,6851.0
5,500,1,0.03,284.157,30.0,6035.0,6534.0
6,500,1,0.03,332.0883333333333,34.0,7185.0,7684.0
7,500,1,0.03,320.9983333333334,34.0,7424.0,7923.0
8,500,1,0.03,271.0743333333333,28.0,5739.0,6238.0
9,500,1,0.03,258.84633333333335,29.0,5842.0,6341.0
10,500,1,0.03,286.133,31.0,6405.0,6904.0
1,500,1,0.04,375.27866666666665,40.0,8297.0,8796.0
2,500,1,0.04,385.21266666666673,40.0,8736.0,9235.0
3,500,1,0.04,392.4773333333333,40.0,8590.0,9089.0
4,500,1,0.04,373.56566666666663,39.0,7880.0,8379.0
5,500,1,0.04,326.10566666666665,33.0,6815.0,7314.0
6,500,1,0.04,439.05,44.0,8556.0,9055.0
7,500,1,0.04,343.933,37.0,7135.0,7634.0
8,500,1,0.04,387.9393333333333,40.0,7448.0,7947.0
9,500,1,0.04,407.02400000000006,40.0,8694.0,9193.0
10,500,1,0.04,365.3416666666667,39.0,7462.0,7961.0
1,500,1,0.05,496.40333333333336,50.0,10494.0,10993.0
2,500,1,0.05,436.86066666666665,44.0,8581.0,9080.0
3,500,1,0.05,522.966,50.0,10751.0,11250.0
4,500,1,0.05,555.7306666666667,50.0,11417.0,11916.0
5,500,1,0.05,525.293,52.0,11854.0,12353.0
6,500,1,0.05,512.6356666666667,49.0,10555.0,11054.0
7,500,1,0.05,514.9293333333334,52.0,10522.0,11021.0
8,500,1,0.05,576.097,54.0,12692.0,13191.0
9,500,1,0.05,569.822,53.0,12055.0,12554.0
10,500,1,0.05,446.09799999999996,44.0,9310.0,9809.0
1,500,1,0.06,630.6493333333333,58.0,12560.0,13059.0
2,500,1,0.06,581.0086666666667,57.0,12240.0,12739.0
3,500,1,0.06,556.0329999999999,53.0,13016.0,13515.0
4,500,1,0.06,613.693,55.0,13259.0,13758.0
5,500,1,0.06,570.6550000000001,54.0,12035.0,12534.0
6,500,1,0.06,544.2916666666666,52.0,12286.0,12785.0
7,500,1,0.06,597.1840000000001,58.0,12046.0,12545.0
8,500,1,0.06,534.707,51.0,11093.0,11592.0
9,500,1,0.06,589.2166666666667,60.0,13648.0,14147.0
10,500,1,0.06,545.401,51.0,11202.0,11701.0
1,500,1,0.07,655.6526666666666,60.0,13751.0,14250.0
2,500,1,0.07,646.984,62.0,12964.0,13463.0
3,500,1,0.07,700.395,67.0,13689.0,14188.0
4,500,1,0.07,572.0323333333333,55.0,12538.0,13037.0
5,500,1,0.07,668.0120000000001,61.0,13654.0,14153.0
6,500,1,0.07,670.4540000000001,67.0,14899.0,15398.0
7,500,1,0.07,639.7043333333332,59.0,13314.0,13813.0
8,500,1,0.07,763.7716666666666,68.0,15889.0,16388.0
9,500,1,0.07,629.396,62.0,13194.0,13693.0
10,500,1,0.07,668.7713333333334,63.0,13528.0,14027.0
1,500,1,0.08,785.0480000000001,71.0,15985.0,16484.0
2,500,1,0.08,744.6396666666666,66.0,15158.0,15657.0
3,500,1,0.08,789.0423333333333,72.0,16411.0,16910.0
4,500,1,0.08,772.5746666666665,71.0,15618.0,16117.0
5,500,1,0.08,732.3676666666667,68.0,15653.0,16152.0
6,500,1,0.08,693.9126666666667,65.0,14436.0,14935.0
7,500,1,0.08,748.773,68.0,15696.0,16195.0
8,500,1,0.08,662.726,64.0,15093.0,15592.0
9,500,1,0.08,793.0366666666667,72.0,16774.0,17273.0
10,500,1,0.08,817.9580000000001,74.0,17436.0,17935.0
1,500,1,0.09,904.661,80.0,18689.0,19188.0
2,500,1,0.09,906.4593333333332,81.0,19121.0,19620.0
3,500,1,0.09,877.7993333333334,76.0,19043.0,19542.0
4,500,1,0.09,887.5903333333332,78.0,18030.0,18529.0
5,500,1,0.09,984.996,85.0,20064.0,20563.0
6,500,1,0.09,933.531,81.0,18013.0,18512.0
7,500,1,0.09,943.7076666666667,81.0,18625.0,19124.0
8,500,1,0.09,886.9203333333334,79.0,17867.0,18366.0
9,500,1,0.09,818.7586666666666,74.0,16516.0,17015.0
10,500,1,0.09,897.3783333333334,80.0,19479.0,19978.0
1,500,1,0.1,1032.7153333333333,91.0,22419.0,22918.0
2,500,1,0.1,994.0563333333333,83.0,21088.0,21587.0
3,500,1,0.1,1028.157,90.0,21229.0,21728.0
4,500,1,0.1,903.4110000000001,77.0,18312.0,18811.0
5,500,1,0.1,973.6053333333334,84.0,18537.0,19036.0
6,500,1,0.1,943.9153333333334,82.0,18934.0,19433.0
7,500,1,0.1,939.39,81.0,18827.0,19326.0
8,500,1,0.1,1096.0063333333333,94.0,23170.0,23669.0
9,500,1,0.1,1020.4766666666666,89.0,20694.0,21193.0
10,500,1,0.1,965.5120000000001,81.0,18413.0,18912.0
1,500,1,0.11,1078.6773333333333,90.0,19803.0,20302.0
2,500,1,0.11,1257.9533333333331,101.0,24683.0,25182.0
3,500,1,0.11,1059.518,90.0,20621.0,21120.0
4,500,1,0.11,1032.7363333333335,87.0,20437.0,20936.0
5,500,1,0.11,1113.6323333333335,94.0,21904.0,22403.0
6,500,1,0.11,984.2486666666667,83.0,19703.0,20202.0
7,500,1,0.11,1026.1596666666665,87.0,20244.0,20743.0
8,500,1,0.11,1129.4176666666665,96.0,22571.0,23070.0
9,500,1,0.11,1113.325,97.0,22250.0,22749.0
10,500,1,0.11,1073.339,92.0,20651.0,21150.0
1,500,1,0.12,1232.2523333333334,99.0,24294.0,24793.0
2,500,1,0.12,1249.677,104.0,24759.0,25258.0
3,500,1,0.12,1163.7073333333335,96.0,22417.0,22916.0
4,500,1,0.12,1155.5500000000002,95.0,22098.0,22597.0
5,500,1,0.12,1178.4726666666666,96.0,22418.0,22917.0
6,500,1,0.12,1316.452,107.0,26209.0,26708.0
7,500,1,0.12,1205.7466666666667,102.0,22356.0,22855.0
8,500,1,0.12,1259.4016666666666,101.0,24182.0,24681.0
9,500,1,0.12,1177.5853333333332,97.0,23000.0,23499.0
10,500,1,0.12,1110.7450000000001,92.0,22054.0,22553.0
1,500,1,0.13,1262.3383333333334,103.0,24256.0,24755.0
2,500,1,0.13,1338.4693333333335,106.0,25921.0,26420.0
3,500,1,0.13,1464.124,113.0,26826.0,27325.0
4,500,1,0.13,1225.3573333333334,97.0,22430.0,22929.0
5,500,1,0.13,1302.2996666666666,107.0,24406.0,24905.0
6,500,1,0.13,1327.488,100.0,24069.0,24568.0
7,500,1,0.13,1215.945,101.0,22383.0,22882.0
8,500,1,0.13,1246.058,102.0,23734.0,24233.0
9,500,1,0.13,1236.001,99.0,23550.0,24049.0
10,500,1,0.13,1215.7393333333332,98.0,24345.0,24844.0
1,500,1,0.14,1298.9170000000001,102.0,25081.0,25580.0
2,500,1,0.14,1390.576,111.0,26076.0,26575.0
3,500,1,0.14,1428.4143333333334,111.0,26606.0,27105.0
4,500,1,0.14,1404.253,115.0,25312.0,25811.0
5,500,1,0.14,1431.0093333333334,111.0,27279.0,27778.0
6,500,1,0.14,1412.2893333333334,111.0,25858.0,26357.0
7,500,1,0.14,1361.7546666666667,105.0,25593.0,26092.0
8,500,1,0.14,1343.0006666666666,108.0,26162.0,26661.0
9,500,1,0.14,1363.8743333333332,107.0,24312.0,24811.0
10,500,1,0.14,1423.6716666666669,110.0,26259.0,26758.0
1,500,1,0.15,1502.8606666666667,114.0,27698.0,28197.0
2,500,1,0.15,1534.6686666666665,116.0,28495.0,28994.0
3,500,1,0.15,1706.0933333333335,127.0,31598.0,32097.0
4,500,1,0.15,1578.283333333333,119.0,30654.0,31153.0
5,500,1,0.15,1601.4086666666665,120.0,30208.0,30707.0
6,500,1,0.15,1502.8253333333334,117.0,29077.0,29576.0
7,500,1,0.15,1459.4016666666666,114.0,26419.0,26918.0
8,500,1,0.15,1509.443,113.0,28531.0,29030.0
9,500,1,0.15,1491.9463333333333,114.0,26747.0,27246.0
10,500,1,0.15,1547.7873333333334,117.0,28500.0,28999.0
1,500,1,0.16,1700.124,125.0,30716.0,31215.0
2,500,1,0.16,1770.1266666666668,129.0,32523.0,33022.0
3,500,1,0.16,1421.7333333333333,109.0,25825.0,26324.0
4,500,1,0.16,1472.863,112.0,27603.0,28102.0
5,500,1,0.16,1557.2446666666667,120.0,27286.0,27785.0
6,500,1,0.16,1559.1886666666667,115.0,28051.0,28550.0
7,500,1,0.16,1703.7540000000001,128.0,30377.0,30876.0
8,500,1,0.16,1694.6456666666666,126.0,30058.0,30557.0
9,500,1,0.16,1603.5403333333334,122.0,27284.0,27783.0
10,500,1,0.16,1439.3670000000002,107.0,27285.0,27784.0
1,500,1,0.17,1935.1793333333333,138.0,33478.0,33977.0
2,500,1,0.17,1842.7716666666668,134.0,31185.0,31684.0
3,500,1,0.17,1656.3543333333334,121.0,29640.0,30139.0
4,500,1,0.17,1671.8163333333334,122.0,29434.0,29933.0
5,500,1,0.17,1902.1036666666666,137.0,33134.0,33633.0
6,500,1,0.17,1689.7063333333335,127.0,30532.0,31031.0
7,500,1,0.17,1722.3416666666665,125.0,31660.0,32159.0
8,500,1,0.17,1813.5710000000001,132.0,31338.0,31837.0
9,500,1,0.17,1640.1733333333334,122.0,28670.0,29169.0
10,500,1,0.17,1787.9606666666666,129.0,31459.0,31958.0
1,500,1,0.18,1915.437,136.0,34393.0,34892.0
2,500,1,0.18,1698.6506666666667,126.0,28670.0,29169.0
3,500,1,0.18,1883.1410000000003,135.0,31515.0,32014.0
4,500,1,0.18,1728.8053333333335,124.0,30428.0,30927.0
5,500,1,0.18,1827.5806666666667,132.0,31144.0,31643.0
6,500,1,0.18,1871.1743333333334,136.0,32857.0,33356.0
7,500,1,0.18,1705.8433333333332,128.0,30677.0,31176.0
8,500,1,0.18,1939.46,138.0,34171.0,34670.0
9,500,1,0.18,1993.1589999999999,144.0,33897.0,34396.0
10,500,1,0.18,2020.2920000000001,144.0,36732.0,37231.0
1,500,1,0.19,2078.5373333333337,147.0,34531.0,35030.0
2,500,1,0.19,2041.0016666666663,146.0,35776.0,36275.0
3,500,1,0.19,2100.0676666666664,144.0,34802.0,35301.0
4,500,1,0.19,1919.4463333333333,134.0,32530.0,33029.0
5,500,1,0.19,2095.3023333333335,148.0,37461.0,37960.0
6,500,1,0.19,2049.054333333333,147.0,34232.0,34731.0
7,500,1,0.19,1884.5303333333334,132.0,33592.0,34091.0
8,500,1,0.19,2052.1780000000003,144.0,34800.0,35299.0
9,500,1,0.19,1944.4306666666664,140.0,34449.0,34948.0
10,500,1,0.19,2039.4116666666666,141.0,34491.0,34990.0
1,500,1,0.2,1840.2333333333336,129.0,30759.0,31258.0
2,500,1,0.2,1991.609333333333,138.0,33146.0,33645.0
3,500,1,0.2,2249.418666666667,153.0,37709.0,38208.0
4,500,1,0.2,2192.2613333333334,144.0,35744.0,36243.0
5,500,1,0.2,1983.3276666666668,138.0,33916.0,34415.0
6,500,1,0.2,2020.586,139.0,34354.0,34853.0
7,500,1,0.2,2407.908,163.0,40440.0,40939.0
8,500,1,0.2,2221.634333333333,150.0,37371.0,37870.0
9,500,1,0.2,2054.9003333333335,142.0,33914.0,34413.0
10,500,1,0.2,2060.152666666667,140.0,35105.0,35604.0
1,500,1,0.21,2355.8123333333333,161.0,39801.0,40300.0
2,500,1,0.21,2166.2186666666666,145.0,34455.0,34954.0
3,500,1,0.21,2221.606333333333,152.0,37583.0,38082.0
4,500,1,0.21,2219.4106666666667,145.0,37830.0,38329.0
5,500,1,0.21,2308.1823333333336,153.0,37579.0,38078.0
6,500,1,0.21,2381.052666666667,155.0,37170.0,37669.0
7,500,1,0.21,2221.385333333333,152.0,35922.0,36421.0
8,500,1,0.21,2268.753,152.0,36918.0,37417.0
9,500,1,0.21,2372.621666666667,155.0,39067.0,39566.0
10,500,1,0.21,2318.8866666666668,157.0,37516.0,38015.0
1,500,1,0.22,2309.468666666666,154.0,36579.0,37078.0
2,500,1,0.22,2480.5763333333334,166.0,40502.0,41001.0
3,500,1,0.22,2392.3596666666667,157.0,39244.0,39743.0
4,500,1,0.22,2236.673666666667,149.0,36404.0,36903.0
5,500,1,0.22,2600.7833333333333,171.0,42031.0,42530.0
6,500,1,0.22,2388.4126666666666,160.0,39129.0,39628.0
7,500,1,0.22,2304.0143333333335,157.0,37703.0,38202.0
8,500,1,0.22,2360.0336666666667,151.0,38551.0,39050.0
9,500,1,0.22,2316.1183333333333,155.0,37885.0,38384.0
10,500,1,0.22,2391.722,157.0,38538.0,39037.0
1,500,1,0.23,2534.740333333333,168.0,39322.0,39821.0
2,500,1,0.23,2354.356,154.0,38879.0,39378.0
3,500,1,0.23,2527.734,168.0,39590.0,40089.0
4,500,1,0.23,2398.347,157.0,38751.0,39250.0
5,500,1,0.23,2450.688,166.0,39837.0,40336.0
6,500,1,0.23,2394.1916666666666,153.0,38011.0,38510.0
7,500,1,0.23,2741.4203333333335,178.0,44939.0,45438.0
8,500,1,0.23,2704.104,174.0,43904.0,44403.0
9,500,1,0.23,2456.9846666666667,159.0,39442.0,39941.0
10,500,1,0.23,2385.2763333333332,158.0,37718.0,38217.0
1,500,1,0.24,2576.333666666667,165.0,40500.0,40999.0
2,500,1,0.24,2569.3343333333332,170.0,40129.0,40628.0
3,500,1,0.24,2763.314,179.0,42549.0,43048.0
4,500,1,0.24,2527.610666666667,161.0,39658.0,40157.0
5,500,1,0.24,2491.091,158.0,38852.0,39351.0
6,500,1,0.24,2530.134666666667,167.0,38502.0,39001.0
7,500,1,0.24,2446.940666666667,161.0,37453.0,37952.0
8,500,1,0.24,2510.9323333333336,158.0,39443.0,39942.0
9,500,1,0.24,2631.9469999999997,167.0,41208.0,41707.0
10,500,1,0.24,2587.3920000000003,168.0,41463.0,41962.0
1,500,1,0.25,2748.436,172.0,44013.0,44512.0
2,500,1,0.25,2733.5183333333334,171.0,40422.0,40921.0
3,500,1,0.25,2495.54,161.0,37666.0,38165.0
4,500,1,0.25,2724.252,171.0,41253.0,41752.0
5,500,1,0.25,2617.2476666666666,170.0,39803.0,40302.0
6,500,1,0.25,2824.222333333333,181.0,44598.0,45097.0
7,500,1,0.25,2712.0453333333335,171.0,42672.0,43171.0
8,500,1,0.25,2686.7953333333335,175.0,40968.0,41467.0
9,500,1,0.25,3084.7580000000003,193.0,49249.0,49748.0
10,500,1,0.25,2771.5,175.0,42369.0,42868.0
1,500,1,0.26,3089.449,195.0,46689.0,47188.0
2,500,1,0.26,2734.141,170.0,41373.0,41872.0
3,500,1,0.26,2697.1493333333333,167.0,39960.0,40459.0
4,500,1,0.26,2788.5236666666665,178.0,42206.0,42705.0
5,500,1,0.26,2827.8113333333336,177.0,43903.0,44402.0
6,500,1,0.26,3177.166333333333,196.0,48339.0,48838.0
7,500,1,0.26,2787.117,173.0,41269.0,41768.0
8,500,1,0.26,2874.221,177.0,44476.0,44975.0
9,500,1,0.26,3025.977666666667,182.0,45941.0,46440.0
10,500,1,0.26,2958.3306666666667,183.0,44987.0,45486.0
1,500,1,0.27,2886.3283333333334,177.0,42546.0,43045.0
2,500,1,0.27,2952.7076666666667,181.0,44480.0,44979.0
3,500,1,0.27,3170.074,189.0,46027.0,46526.0
4,500,1,0.27,3098.030666666667,187.0,44638.0,45137.0
5,500,1,0.27,3021.9030000000002,185.0,45652.0,46151.0
6,500,1,0.27,2795.594333333333,172.0,41902.0,42401.0
7,500,1,0.27,3210.8086666666663,194.0,47836.0,48335.0
8,500,1,0.27,2990.8549999999996,187.0,45786.0,46285.0
9,500,1,0.27,2791.4896666666664,172.0,41389.0,41888.0
10,500,1,0.27,3172.703,190.0,49198.0,49697.0
1,500,1,0.28,3011.790333333333,181.0,45366.0,45865.0
2,500,1,0.28,3094.7773333333334,186.0,45141.0,45640.0
3,500,1,0.28,3143.4979999999996,188.0,46592.0,47091.0
4,500,1,0.28,3063.3423333333335,186.0,45729.0,46228.0
5,500,1,0.28,3068.4113333333335,185.0,43743.0,44242.0
6,500,1,0.28,3197.1263333333336,191.0,47101.0,47600.0
7,500,1,0.28,2930.2213333333334,182.0,42601.0,43100.0
8,500,1,0.28,3092.3316666666665,183.0,46000.0,46499.0
9,500,1,0.28,3203.328666666667,190.0,46982.0,47481.0
10,500,1,0.28,2947.2646666666665,180.0,43360.0,43859.0
1,500,1,0.29,3157.343666666666,190.0,45701.0,46200.0
2,500,1,0.29,3235.8106666666667,193.0,47566.0,48065.0
3,500,1,0.29,3135.5153333333333,189.0,46208.0,46707.0
4,500,1,0.29,3174.223,190.0,48474.0,48973.0
5,500,1,0.29,3423.1986666666667,200.0,48475.0,48974.0
6,500,1,0.29,3272.8609999999994,191.0,46696.0,47195.0
7,500,1,0.29,3166.918333333333,190.0,46158.0,46657.0
8,500,1,0.29,3239.9509999999996,192.0,46272.0,46771.0
9,500,1,0.29,3295.6516666666666,201.0,47781.0,48280.0
10,500,1,0.29,3273.748,193.0,48944.0,49443.0
1,500,1,0.3,3655.212,212.0,54567.0,55066.0
2,500,1,0.3,3616.800333333334,212.0,51777.0,52276.0
3,500,1,0.3,3356.7136666666665,193.0,47870.0,48369.0
4,500,1,0.3,3269.843666666667,182.0,46276.0,46775.0
5,500,1,0.3,3783.8043333333335,212.0,52432.0,52931.0
6,500,1,0.3,3643.352666666667,212.0,52016.0,52515.0
7,500,1,0.3,3509.623,204.0,48474.0,48973.0
8,500,1,0.3,3716.492333333333,211.0,54194.0,54693.0
9,500,1,0.3,3261.8446666666664,193.0,46932.0,47431.0
10,500,1,0.3,3245.652333333333,185.0,47076.0,47575.0
1,500,1,0.31,3864.422,220.0,55900.0,56399.0
2,500,1,0.31,3377.652,196.0,48394.0,48893.0
3,500,1,0.31,3691.345333333333,211.0,51968.0,52467.0
4,500,1,0.31,3426.2436666666667,198.0,48585.0,49084.0
5,500,1,0.31,3553.7746666666667,203.0,50106.0,50605.0
6,500,1,0.31,3770.4726666666666,211.0,52720.0,53219.0
7,500,1,0.31,3562.3979999999997,206.0,51596.0,52095.0
8,500,1,0.31,3479.916333333333,202.0,49246.0,49745.0
9,500,1,0.31,3321.989,190.0,46013.0,46512.0
10,500,1,0.31,3543.848,205.0,50042.0,50541.0
1,500,1,0.32,3648.343666666666,205.0,50686.0,51185.0
2,500,1,0.32,3696.6186666666667,212.0,52090.0,52589.0
3,500,1,0.32,3758.9106666666667,209.0,52681.0,53180.0
4,500,1,0.32,3712.836333333333,208.0,52002.0,52501.0
5,500,1,0.32,3576.653333333333,204.0,49715.0,50214.0
6,500,1,0.32,3464.6226666666666,198.0,48633.0,49132.0
7,500,1,0.32,3737.156333333333,210.0,51673.0,52172.0
8,500,1,0.32,3751.922,217.0,52807.0,53306.0
9,500,1,0.32,3616.842666666667,210.0,50484.0,50983.0
10,500,1,0.32,3555.694,203.0,50635.0,51134.0
1,500,1,0.33,3775.887666666666,209.0,50865.0,51364.0
2,500,1,0.33,4246.374,235.0,58682.0,59181.0
3,500,1,0.33,3981.345333333333,217.0,53751.0,54250.0
4,500,1,0.33,3679.9566666666665,206.0,48721.0,49220.0
5,500,1,0.33,4052.277,228.0,54783.0,55282.0
6,500,1,0.33,3574.577333333333,199.0,48556.0,49055.0
7,500,1,0.33,3689.7053333333333,208.0,50106.0,50605.0
8,500,1,0.33,3820.3890000000006,210.0,52801.0,53300.0
9,500,1,0.33,3865.0220000000004,211.0,53045.0,53544.0
10,500,1,0.33,4081.471333333333,229.0,55449.0,55948.0
1,500,1,0.34,3681.630333333333,203.0,49318.0,49817.0
2,500,1,0.34,4200.185,227.0,57134.0,57633.0
3,500,1,0.34,3875.1029999999996,216.0,52775.0,53274.0
4,500,1,0.34,3852.1730000000002,211.0,53230.0,53729.0
5,500,1,0.34,3742.4563333333335,207.0,50998.0,51497.0
6,500,1,0.34,3660.8259999999996,202.0,49551.0,50050.0
7,500,1,0.34,3622.8549999999996,206.0,48752.0,49251.0
8,500,1,0.34,3922.061333333333,220.0,51888.0,52387.0
9,500,1,0.34,4009.721666666667,220.0,54947.0,55446.0
10,500,1,0.34,3812.979333333333,217.0,50698.0,51197.0
1,500,1,0.35,3943.913,214.0,53044.0,53543.0
2,500,1,0.35,4230.849999999999,225.0,54410.0,54909.0
3,500,1,0.35,4182.359333333333,229.0,55198.0,55697.0
4,500,1,0.35,4324.122333333334,234.0,56934.0,57433.0
5,500,1,0.35,3949.563,216.0,52499.0,52998.0
6,500,1,0.35,4053.1613333333335,221.0,55246.0,55745.0
7,500,1,0.35,4096.546666666667,221.0,54074.0,54573.0
8,500,1,0.35,4047.835333333333,215.0,52782.0,53281.0
9,500,1,0.35,4031.729,217.0,53034.0,53533.0
10,500,1,0.35,4052.523333333333,218.0,52618.0,53117.0
1,500,1,0.36,4388.508333333333,231.0,59293.0,59792.0
2,500,1,0.36,4312.1973333333335,228.0,56691.0,57190.0
3,500,1,0.36,4354.808666666667,237.0,56719.0,57218.0
4,500,1,0.36,4283.945000000001,231.0,57552.0,58051.0
5,500,1,0.36,4210.927333333333,222.0,55546.0,56045.0
6,500,1,0.36,4166.299333333333,219.0,53568.0,54067.0
7,500,1,0.36,4274.8820000000005,233.0,56699.0,57198.0
8,500,1,0.36,4358.807333333333,238.0,57554.0,58053.0
9,500,1,0.36,4290.7,226.0,56896.0,57395.0
10,500,1,0.36,4193.128,228.0,55091.0,55590.0
1,500,1,0.37,4190.754333333333,220.0,54861.0,55360.0
2,500,1,0.37,4202.796666666666,223.0,55526.0,56025.0
3,500,1,0.37,4480.557666666667,236.0,57652.0,58151.0
4,500,1,0.37,4609.848666666667,240.0,60344.0,60843.0
5,500,1,0.37,4463.112666666667,241.0,58996.0,59495.0
6,500,1,0.37,4392.928333333333,237.0,57369.0,57868.0
7,500,1,0.37,4442.214333333333,235.0,57995.0,58494.0
8,500,1,0.37,4389.427666666667,230.0,59353.0,59852.0
9,500,1,0.37,4381.171666666666,233.0,57721.0,58220.0
10,500,1,0.37,4320.912333333333,226.0,55004.0,55503.0
1,500,1,0.38,4293.4766666666665,219.0,54155.0,54654.0
2,500,1,0.38,4515.126,233.0,57193.0,57692.0
3,500,1,0.38,4692.8893333333335,244.0,59994.0,60493.0
4,500,1,0.38,4595.250666666667,241.0,58634.0,59133.0
5,500,1,0.38,4479.776999999999,232.0,57706.0,58205.0
6,500,1,0.38,4436.549,233.0,58412.0,58911.0
7,500,1,0.38,4527.1016666666665,232.0,57814.0,58313.0
8,500,1,0.38,4461.691,233.0,57971.0,58470.0
9,500,1,0.38,4724.8476666666675,238.0,61253.0,61752.0
10,500,1,0.38,4734.425,245.0,61666.0,62165.0
1,500,1,0.39,4786.0976666666675,246.0,61124.0,61623.0
2,500,1,0.39,4492.782333333334,231.0,57294.0,57793.0
3,500,1,0.39,4792.239333333334,249.0,60490.0,60989.0
4,500,1,0.39,4339.948666666667,226.0,55785.0,56284.0
5,500,1,0.39,4730.577,244.0,61680.0,62179.0
6,500,1,0.39,4873.656,252.0,63381.0,63880.0
7,500,1,0.39,4602.274333333333,236.0,58590.0,59089.0
8,500,1,0.39,4919.419000000001,250.0,62305.0,62804.0
9,500,1,0.39,4647.316666666667,237.0,59129.0,59628.0
10,500,1,0.39,4680.683,242.0,59328.0,59827.0
1,500,1,0.4,4752.559666666667,238.0,58819.0,59318.0
2,500,1,0.4,4960.809666666667,244.0,61104.0,61603.0
3,500,1,0.4,4897.379,242.0,60005.0,60504.0
4,500,1,0.4,4676.714,236.0,58381.0,58880.0
5,500,1,0.4,5097.727333333333,256.0,63989.0,64488.0
6,500,1,0.4,4960.836333333333,254.0,60839.0,61338.0
7,500,1,0.4,4604.022333333334,233.0,58360.0,58859.0
8,500,1,0.4,4649.572666666667,240.0,56810.0,57309.0
9,500,1,0.4,5153.335,256.0,63182.0,63681.0
10,500,1,0.4,4541.680333333334,236.0,56465.0,56964.0
1,500,1,0.41,5043.623666666667,251.0,61820.0,62319.0
2,500,1,0.41,5018.652666666666,250.0,62329.0,62828.0
3,500,1,0.41,5100.267000000001,252.0,62372.0,62871.0
4,500,1,0.41,5149.9113333333335,254.0,64180.0,64679.0
5,500,1,0.41,5115.597999999999,254.0,63344.0,63843.0
6,500,1,0.41,4940.697666666667,242.0,60558.0,61057.0
7,500,1,0.41,5120.251666666667,259.0,60582.0,61081.0
8,500,1,0.41,5071.291,253.0,60961.0,61460.0
9,500,1,0.41,5012.355,249.0,61489.0,61988.0
10,500,1,0.41,4947.641666666667,239.0,59832.0,60331.0
1,500,1,0.42,5451.183333333333,268.0,65390.0,65889.0
2,500,1,0.42,5451.349,265.0,63185.0,63684.0
3,500,1,0.42,5193.406333333333,257.0,62179.0,62678.0
4,500,1,0.42,5227.883999999999,258.0,63930.0,64429.0
5,500,1,0.42,5274.561333333333,259.0,64196.0,64695.0
6,500,1,0.42,4994.715666666667,248.0,60841.0,61340.0
7,500,1,0.42,5178.297333333333,251.0,62857.0,63356.0
8,500,1,0.42,5140.681333333334,255.0,61486.0,61985.0
9,500,1,0.42,4979.002,250.0,61276.0,61775.0
10,500,1,0.42,5362.805,261.0,64183.0,64682.0
1,500,1,0.43,5301.943,259.0,64213.0,64712.0
2,500,1,0.43,5237.972333333334,254.0,62707.0,63206.0
3,500,1,0.43,5424.931666666666,260.0,65140.0,65639.0
4,500,1,0.43,5129.263666666667,247.0,60968.0,61467.0
5,500,1,0.43,5222.0109999999995,255.0,62741.0,63240.0
6,500,1,0.43,5485.725666666666,262.0,65567.0,66066.0
7,500,1,0.43,5355.991666666666,260.0,63837.0,64336.0
8,500,1,0.43,5290.242333333334,255.0,64238.0,64737.0
9,500,1,0.43,5624.399,274.0,68575.0,69074.0
10,500,1,0.43,5507.174333333333,269.0,67130.0,67629.0
1,500,1,0.44,5788.084,276.0,67902.0,68401.0
2,500,1,0.44,5689.779333333333,271.0,68228.0,68727.0
3,500,1,0.44,5318.990333333334,257.0,62422.0,62921.0
4,500,1,0.44,5559.535,264.0,66721.0,67220.0
5,500,1,0.44,5411.264,260.0,64266.0,64765.0
6,500,1,0.44,5565.137333333333,268.0,66556.0,67055.0
7,500,1,0.44,5416.576666666667,263.0,64834.0,65333.0
8,500,1,0.44,5186.135666666666,250.0,64046.0,64545.0
9,500,1,0.44,5484.507333333334,260.0,64929.0,65428.0
10,500,1,0.44,5523.492666666666,268.0,65337.0,65836.0
1,500,1,0.45,5588.210333333333,268.0,65700.0,66199.0
2,500,1,0.45,6175.866333333334,295.0,72183.0,72682.0
3,500,1,0.45,5477.901666666668,262.0,62873.0,63372.0
4,500,1,0.45,5585.086,263.0,65619.0,66118.0
5,500,1,0.45,5631.585333333333,268.0,66287.0,66786.0
6,500,1,0.45,5669.805333333334,273.0,66524.0,67023.0
7,500,1,0.45,5553.629666666667,262.0,66323.0,66822.0
8,500,1,0.45,5482.980333333333,260.0,63636.0,64135.0
9,500,1,0.45,5997.602,282.0,68459.0,68958.0
10,500,1,0.45,5661.558333333333,272.0,66978.0,67477.0
1,500,1,0.46,5601.551666666666,263.0,64898.0,65397.0
2,500,1,0.46,5782.394666666667,275.0,67504.0,68003.0
3,500,1,0.46,5934.508333333334,276.0,68343.0,68842.0
4,500,1,0.46,5768.417333333334,271.0,67885.0,68384.0
5,500,1,0.46,6070.177333333333,286.0,70126.0,70625.0
6,500,1,0.46,5877.438000000001,275.0,68043.0,68542.0
7,500,1,0.46,5379.916,261.0,61322.0,61821.0
8,500,1,0.46,5866.8206666666665,279.0,67637.0,68136.0
9,500,1,0.46,6241.545666666668,260.0,62923.0,63422.0
10,500,1,0.46,6194.383333333332,295.0,71448.0,71947.0
2,500,1,0.47,6252.228,293.0,71827.0,72326.0
4,500,1,0.47,5852.445000000001,269.0,66742.0,67241.0
5,500,1,0.47,6054.774,282.0,70320.0,70819.0
7,500,1,0.47,5744.444666666666,267.0,66689.0,67188.0
8,500,1,0.47,5897.352333333333,280.0,68030.0,68529.0
10,500,1,0.47,6214.254666666668,290.0,71559.0,72058.0
2,500,1,0.48,6144.590333333334,281.0,68011.0,68510.0
3,500,1,0.48,6103.888666666667,281.0,69396.0,69895.0
5,500,1,0.48,5932.569,276.0,67618.0,68117.0
7,500,1,0.48,5965.863,276.0,68225.0,68724.0
8,500,1,0.48,6284.018333333333,292.0,73185.0,73684.0
9,500,1,0.48,6133.315666666666,276.0,69914.0,70413.0
10,500,1,0.48,5944.776000000001,272.0,69582.0,70081.0
1,500,1,0.49,6274.8,285.0,69934.0,70433.0
2,500,1,0.49,6413.488333333334,287.0,71800.0,72299.0
3,500,1,0.49,5968.488999999999,276.0,65429.0,65928.0
4,500,1,0.49,6257.562999999999,279.0,70442.0,70941.0
5,500,1,0.49,6524.725666666666,299.0,74895.0,75394.0
6,500,1,0.49,6314.036,288.0,70717.0,71216.0
7,500,1,0.49,6275.522333333333,287.0,71514.0,72013.0
8,500,1,0.49,6399.1973333333335,293.0,70613.0,71112.0
9,500,1,0.49,6328.341333333333,288.0,71226.0,71725.0
10,500,1,0.49,6066.619333333333,277.0,68317.0,68816.0
1,500,1,0.5,6584.309,297.0,72848.0,73347.0
2,500,1,0.5,6089.268666666667,277.0,66621.0,67120.0
3,500,1,0.5,6606.7446666666665,299.0,74263.0,74762.0
4,500,1,0.5,6634.754666666668,296.0,73433.0,73932.0
5,500,1,0.5,6604.251666666667,289.0,72430.0,72929.0
6,500,1,0.5,6388.805,288.0,70199.0,70698.0
7,500,1,0.5,6718.174333333333,299.0,73409.0,73908.0
8,500,1,0.5,6089.905666666667,273.0,67282.0,67781.0
9,500,1,0.5,6640.185333333334,297.0,74047.0,74546.0
10,500,1,0.5,6333.300666666666,285.0,71045.0,71544.0
1,500,1,0.51,6652.994333333333,295.0,73180.0,73679.0
2,500,1,0.51,6543.711,290.0,71694.0,72193.0
3,500,1,0.51,6901.151000000001,306.0,76303.0,76802.0
4,500,1,0.51,6611.877666666667,293.0,71203.0,71702.0
5,500,1,0.51,6140.4310000000005,278.0,66945.0,67444.0
6,500,1,0.51,6820.6523333333325,305.0,76391.0,76890.0
7,500,1,0.51,6912.817666666667,306.0,75947.0,76446.0
8,500,1,0.51,6704.43,294.0,73779.0,74278.0
9,500,1,0.51,6896.658666666666,305.0,75570.0,76069.0
10,500,1,0.51,6878.928333333333,297.0,76152.0,76651.0
1,500,1,0.52,6952.945,302.0,74635.0,75134.0
3,500,1,0.52,6722.1990000000005,295.0,72443.0,72942.0
4,500,1,0.52,6796.705666666666,301.0,74133.0,74632.0
6,500,1,0.52,6831.219333333333,301.0,74909.0,75408.0
8,500,1,0.52,6941.044999999999,303.0,74684.0,75183.0
10,500,1,0.52,7065.112,305.0,74796.0,75295.0
1,500,1,0.53,6883.2210000000005,297.0,74787.0,75286.0
3,500,1,0.53,6639.981666666667,295.0,72931.0,73430.0
5,500,1,0.53,7830.058333333333,298.0,75603.0,76102.0
6,500,1,0.53,6795.118666666666,294.0,72279.0,72778.0
7,500,1,0.53,7012.7553333333335,300.0,74916.0,75415.0
8,500,1,0.53,6861.558333333333,292.0,73372.0,73871.0
9,500,1,0.53,7183.343666666668,305.0,75012.0,75511.0
10,500,1,0.53,7429.992666666666,310.0,76290.0,76789.0
1,500,1,0.54,7421.094666666667,317.0,77812.0,78311.0
2,500,1,0.54,7381.967,301.0,72941.0,73440.0
3,500,1,0.54,6880.248333333334,284.0,70765.0,71264.0
4,500,1,0.54,7202.259000000001,310.0,74580.0,75079.0
5,500,1,0.54,7454.322666666667,309.0,77371.0,77870.0
6,500,1,0.54,6967.426666666666,299.0,71850.0,72349.0
7,500,1,0.54,7140.496999999999,306.0,75941.0,76440.0
8,500,1,0.54,7277.937666666668,296.0,72978.0,73477.0
9,500,1,0.54,7314.166666666667,297.0,72716.0,73215.0
10,500,1,0.54,7235.401000000001,304.0,77406.0,77905.0
1,500,1,0.55,8182.512,325.0,79895.0,80394.0
2,500,1,0.55,7373.081666666668,312.0,77449.0,77948.0
3,500,1,0.55,7125.652999999999,299.0,73314.0,73813.0
4,500,1,0.55,7163.746666666666,304.0,74670.0,75169.0
5,500,1,0.55,7243.701,303.0,75391.0,75890.0
6,500,1,0.55,7913.506333333334,313.0,78810.0,79309.0
7,500,1,0.55,7828.126333333334,314.0,78671.0,79170.0
8,500,1,0.55,7668.265666666666,307.0,75942.0,76441.0
9,500,1,0.55,7845.140333333333,316.0,76613.0,77112.0
10,500,1,0.55,7475.147,314.0,73898.0,74397.0
1,500,1,0.56,7857.267666666667,325.0,81362.0,81861.0
2,500,1,0.56,7806.264,316.0,77465.0,77964.0
3,500,1,0.56,7353.739666666667,307.0,77403.0,77902.0
4,500,1,0.56,7468.183666666667,313.0,77507.0,78006.0
5,500,1,0.56,7043.738333333335,299.0,72876.0,73375.0
6,500,1,0.56,7465.072,309.0,77818.0,78317.0
7,500,1,0.56,8057.101666666666,318.0,79037.0,79536.0
8,500,1,0.56,7999.843000000001,324.0,79243.0,79742.0
9,500,1,0.56,7983.3009999999995,317.0,78714.0,79213.0
10,500,1,0.56,7695.452666666667,311.0,77109.0,77608.0
1,500,1,0.57,8233.322,324.0,81285.0,81784.0
2,500,1,0.57,8178.499333333333,328.0,80042.0,80541.0
3,500,1,0.57,7936.261666666666,304.0,75539.0,76038.0
4,500,1,0.57,7765.021333333333,318.0,78943.0,79442.0
5,500,1,0.57,7859.927000000001,325.0,80941.0,81440.0
6,500,1,0.57,8012.537,322.0,78534.0,79033.0
7,500,1,0.57,8009.441666666666,328.0,78890.0,79389.0
8,500,1,0.57,7696.341333333333,321.0,79780.0,80279.0
9,500,1,0.57,7815.519,324.0,80175.0,80674.0
10,500,1,0.57,7594.928,312.0,78053.0,78552.0
1,500,1,0.58,8022.485000000001,324.0,81436.0,81935.0
2,500,1,0.58,8091.921000000001,330.0,81626.0,82125.0
3,500,1,0.58,7723.719333333333,318.0,78633.0,79132.0
4,500,1,0.58,8513.592333333334,342.0,87236.0,87735.0
5,500,1,0.58,8124.517666666667,329.0,82970.0,83469.0
6,500,1,0.58,7898.372,321.0,79673.0,80172.0
7,500,1,0.58,7797.596333333332,319.0,79853.0,80352.0
8,500,1,0.58,7920.339,325.0,82026.0,82525.0
9,500,1,0.58,7630.668000000001,318.0,77420.0,77919.0
10,500,1,0.58,7917.941666666667,324.0,80509.0,81008.0
1,500,1,0.59,8153.2300000000005,330.0,81191.0,81690.0
2,500,1,0.59,8047.366333333334,330.0,80552.0,81051.0
3,500,1,0.59,7804.267666666667,312.0,78337.0,78836.0
4,500,1,0.59,7983.810333333334,323.0,79961.0,80460.0
5,500,1,0.59,8178.796333333335,333.0,83467.0,83966.0
6,500,1,0.59,8318.882666666666,336.0,82916.0,83415.0
7,500,1,0.59,8000.725333333333,329.0,80003.0,80502.0
8,500,1,0.59,8305.457666666667,336.0,82526.0,83025.0
9,500,1,0.59,7899.768333333333,326.0,80080.0,80579.0
10,500,1,0.59,7542.964,311.0,76138.0,76637.0
1,500,1,0.6,8067.215666666666,327.0,80160.0,80659.0
2,500,1,0.6,8005.613666666667,323.0,79999.0,80498.0
3,500,1,0.6,8553.062,339.0,85939.0,86438.0
4,500,1,0.6,8486.64,341.0,84881.0,85380.0
5,500,1,0.6,8086.889666666667,328.0,81193.0,81692.0
6,500,1,0.6,8336.773,333.0,82738.0,83237.0
7,500,1,0.6,8157.559,324.0,81859.0,82358.0
8,500,1,0.6,8422.785666666667,338.0,83726.0,84225.0
9,500,1,0.6,8412.606666666667,332.0,83720.0,84219.0
10,500,1,0.6,8297.676333333335,335.0,80813.0,81312.0
1,500,1,0.61,8581.597333333333,333.0,83027.0,83526.0
2,500,1,0.61,8704.647666666666,348.0,86199.0,86698.0
3,500,1,0.61,8629.511666666667,344.0,84812.0,85311.0
4,500,1,0.61,8530.034333333335,338.0,84250.0,84749.0
5,500,1,0.61,8200.531666666668,331.0,79552.0,80051.0
6,500,1,0.61,8519.443666666666,340.0,83449.0,83948.0
7,500,1,0.61,8187.799333333333,327.0,81249.0,81748.0
8,500,1,0.61,8860.956333333334,354.0,87301.0,87800.0
9,500,1,0.61,8395.633,337.0,82101.0,82600.0
10,500,1,0.61,8698.995,343.0,84156.0,84655.0
1,500,1,0.62,8630.108999999999,341.0,84548.0,85047.0
2,500,1,0.62,8817.838666666665,344.0,85255.0,85754.0
3,500,1,0.62,9180.005,358.0,90699.0,91198.0
4,500,1,0.62,8502.505,336.0,83350.0,83849.0
5,500,1,0.62,8707.969000000001,349.0,83656.0,84155.0
6,500,1,0.62,8632.276,343.0,83858.0,84357.0
7,500,1,0.62,9097.25,352.0,89610.0,90109.0
8,500,1,0.62,8304.262,330.0,81088.0,81587.0
9,500,1,0.62,8465.593666666668,332.0,81156.0,81655.0
10,500,1,0.62,8540.950666666666,332.0,82918.0,83417.0
1,500,1,0.63,8918.214333333333,356.0,85083.0,85582.0
2,500,1,0.63,8575.173,333.0,81987.0,82486.0
3,500,1,0.63,8660.859,339.0,82159.0,82658.0
4,500,1,0.63,8858.763333333334,345.0,86876.0,87375.0
5,500,1,0.63,8574.273666666666,335.0,83048.0,83547.0
6,500,1,0.63,8722.306333333334,337.0,84143.0,84642.0
7,500,1,0.63,8613.802333333333,338.0,84130.0,84629.0
8,500,1,0.63,9000.776666666667,349.0,86834.0,87333.0
9,500,1,0.63,8571.253666666666,333.0,82843.0,83342.0
10,500,1,0.63,8507.908666666666,330.0,84090.0,84589.0
1,500,1,0.64,9075.878333333334,350.0,87408.0,87907.0
2,500,1,0.64,9435.326666666666,364.0,90394.0,90893.0
3,500,1,0.64,8759.585,342.0,82165.0,82664.0
4,500,1,0.64,8988.034,350.0,87250.0,87749.0
5,500,1,0.64,8960.534666666666,347.0,85383.0,85882.0
6,500,1,0.64,9270.583666666667,355.0,88492.0,88991.0
7,500,1,0.64,9184.879666666666,353.0,87802.0,88301.0
8,500,1,0.64,9142.711666666668,355.0,87208.0,87707.0
9,500,1,0.64,8745.026,343.0,83834.0,84333.0
10,500,1,0.64,8903.484333333332,351.0,84910.0,85409.0
1,500,1,0.65,9244.538666666665,353.0,88285.0,88784.0
2,500,1,0.65,9082.628666666666,345.0,84528.0,85027.0
3,500,1,0.65,9037.171,350.0,84546.0,85045.0
4,500,1,0.65,9054.320666666667,344.0,86476.0,86975.0
5,500,1,0.65,9069.862,348.0,84422.0,84921.0
6,500,1,0.65,9078.108666666667,346.0,85314.0,85813.0
7,500,1,0.65,9178.901,355.0,86965.0,87464.0
8,500,1,0.65,8794.926333333331,338.0,84006.0,84505.0
9,500,1,0.65,9217.318666666666,347.0,87529.0,88028.0
10,500,1,0.65,8958.925000000001,346.0,84438.0,84937.0
1,500,1,0.66,9498.729000000001,352.0,88695.0,89194.0
2,500,1,0.66,9936.057,373.0,92541.0,93040.0
3,500,1,0.66,9577.94,356.0,89331.0,89830.0
4,500,1,0.66,9695.500666666667,364.0,90588.0,91087.0
5,500,1,0.66,9490.355666666666,358.0,87380.0,87879.0
6,500,1,0.66,9323.571000000002,362.0,85906.0,86405.0
7,500,1,0.66,9327.705,357.0,88180.0,88679.0
8,500,1,0.66,9207.547333333334,349.0,85126.0,85625.0
9,500,1,0.66,9486.409,353.0,88910.0,89409.0
10,500,1,0.66,9488.806333333332,355.0,88063.0,88562.0
1,500,1,0.67,9722.791333333333,355.0,90479.0,90978.0
2,500,1,0.67,10264.532,385.0,95028.0,95527.0
3,500,1,0.67,9757.356,364.0,89243.0,89742.0
4,500,1,0.67,9582.962,357.0,88465.0,88964.0
5,500,1,0.67,9664.259666666667,361.0,92107.0,92606.0
6,500,1,0.67,9660.864,362.0,87927.0,88426.0
7,500,1,0.67,9872.735666666667,364.0,90615.0,91114.0
8,500,1,0.67,9528.697666666667,351.0,89296.0,89795.0
9,500,1,0.67,9341.367666666667,352.0,87235.0,87734.0
10,500,1,0.67,9763.579666666667,364.0,91798.0,92297.0
1,500,1,0.68,10165.424333333334,370.0,91944.0,92443.0
2,500,1,0.68,9607.328666666666,354.0,87761.0,88260.0
3,500,1,0.68,9518.221666666666,355.0,88050.0,88549.0
4,500,1,0.68,10158.148,377.0,94202.0,94701.0
5,500,1,0.68,10072.148000000001,359.0,90154.0,90653.0
6,500,1,0.68,9868.553666666667,361.0,90807.0,91306.0
7,500,1,0.68,9907.966333333332,364.0,87919.0,88418.0
8,500,1,0.68,10059.205666666667,369.0,90849.0,91348.0
9,500,1,0.68,10356.259666666667,370.0,91127.0,91626.0
10,500,1,0.68,9994.511666666667,363.0,91941.0,92440.0
1,500,1,0.69,9852.809,363.0,89133.0,89632.0
2,500,1,0.69,10294.413999999999,373.0,93074.0,93573.0
3,500,1,0.69,10251.943333333335,358.0,89627.0,90126.0
4,500,1,0.69,10526.559666666666,363.0,90081.0,90580.0
5,500,1,0.69,10696.715000000002,376.0,93455.0,93954.0
6,500,1,0.69,10561.881,356.0,88144.0,88643.0
7,500,1,0.69,10298.845,357.0,86102.0,86601.0
8,500,1,0.69,10435.491666666667,382.0,92898.0,93397.0
9,500,1,0.69,10341.423,374.0,92113.0,92612.0
10,500,1,0.69,10292.435666666666,366.0,90888.0,91387.0
1,500,1,0.7,11113.569333333333,380.0,96716.0,97215.0
2,500,1,0.7,10693.116,376.0,93858.0,94357.0
3,500,1,0.7,10663.114333333333,371.0,92016.0,92515.0
4,500,1,0.7,10458.536666666667,362.0,90186.0,90685.0
5,500,1,0.7,10919.077666666666,372.0,93342.0,93841.0
6,500,1,0.7,10516.974666666667,377.0,93293.0,93792.0
7,500,1,0.7,10858.877333333334,373.0,93523.0,94022.0
8,500,1,0.7,10782.276666666665,370.0,94073.0,94572.0
9,500,1,0.7,10680.586000000001,368.0,91235.0,91734.0
10,500,1,0.7,10774.18,368.0,92426.0,92925.0
1,500,1,0.71,11024.878333333334,381.0,93475.0,93974.0
2,500,1,0.71,10617.937,364.0,91201.0,91700.0
3,500,1,0.71,10847.178333333331,373.0,92892.0,93391.0
4,500,1,0.71,11210.125666666665,386.0,93182.0,93681.0
5,500,1,0.71,11432.371333333334,386.0,95449.0,95948.0
6,500,1,0.71,11532.625333333335,385.0,95923.0,96422.0
7,500,1,0.71,11253.151,375.0,93657.0,94156.0
8,500,1,0.71,10918.625666666667,368.0,91988.0,92487.0
9,500,1,0.71,11222.005333333334,385.0,96783.0,97282.0
10,500,1,0.71,11000.387999999999,367.0,90065.0,90564.0
1,500,1,0.72,11123.147000000003,372.0,90280.0,90779.0
2,500,1,0.72,11447.305333333336,379.0,96193.0,96692.0
3,500,1,0.72,11491.753333333334,371.0,93422.0,93921.0
4,500,1,0.72,11658.982333333333,386.0,97367.0,97866.0
5,500,1,0.72,11557.125999999998,378.0,94315.0,94814.0
6,500,1,0.72,11276.455,377.0,92573.0,93072.0
7,500,1,0.72,11495.235,374.0,91210.0,91709.0
8,500,1,0.72,11375.670333333333,381.0,94536.0,95035.0
9,500,1,0.72,11419.549666666666,363.0,90382.0,90881.0
10,500,1,0.72,11713.016333333333,383.0,95630.0,96129.0
1,500,1,0.73,10974.692666666664,378.0,92196.0,92695.0
2,500,1,0.73,11575.082333333332,386.0,95586.0,96085.0
3,500,1,0.73,12152.052333333335,385.0,96419.0,96918.0
4,500,1,0.73,11661.859666666665,372.0,92472.0,92971.0
5,500,1,0.73,11940.473666666667,383.0,94797.0,95296.0
6,500,1,0.73,12540.730000000001,395.0,98229.0,98728.0
7,500,1,0.73,11913.864666666666,386.0,95509.0,96008.0
8,500,1,0.73,11768.168666666666,382.0,96900.0,97399.0
9,500,1,0.73,11770.993333333334,393.0,98554.0,99053.0
10,500,1,0.73,10926.584333333332,369.0,92218.0,92717.0
1,500,1,0.74,11933.949,398.0,99148.0,99647.0
2,500,1,0.74,11970.319333333333,388.0,95949.0,96448.0
3,500,1,0.74,12310.233666666667,394.0,99244.0,99743.0
4,500,1,0.74,11905.379,386.0,96198.0,96697.0
5,500,1,0.74,11656.615,378.0,94967.0,95466.0
6,500,1,0.74,11505.381666666666,378.0,93444.0,93943.0
7,500,1,0.74,10942.705,367.0,90273.0,90772.0
8,500,1,0.74,12692.267333333335,390.0,97378.0,97877.0
9,500,1,0.74,12687.409999999998,386.0,95138.0,95637.0
10,500,1,0.74,12150.362333333333,379.0,92558.0,93057.0
1,500,1,0.75,13486.045,407.0,102170.0,102669.0
2,500,1,0.75,12474.700666666666,400.0,97486.0,97985.0
3,500,1,0.75,12599.511666666665,391.0,97699.0,98198.0
4,500,1,0.75,12275.619333333334,397.0,97215.0,97714.0
5,500,1,0.75,12494.250666666667,400.0,99034.0,99533.0
6,500,1,0.75,12640.405333333334,400.0,98792.0,99291.0
7,500,1,0.75,12245.466333333332,404.0,100141.0,100640.0
8,500,1,0.75,11995.902,397.0,96700.0,97199.0
9,500,1,0.75,11919.844333333333,385.0,94791.0,95290.0
10,500,1,0.75,12309.169,384.0,96961.0,97460.0
1,500,1,0.76,12253.002666666667,394.0,97720.0,98219.0
2,500,1,0.76,12557.744333333334,396.0,96396.0,96895.0
3,500,1,0.76,12111.890333333335,399.0,99371.0,99870.0
4,500,1,0.76,12286.119333333334,400.0,99206.0,99705.0
5,500,1,0.76,12344.879666666668,395.0,96867.0,97366.0
6,500,1,0.76,12620.900333333333,389.0,97511.0,98010.0
7,500,1,0.76,12523.728333333333,405.0,100503.0,101002.0
8,500,1,0.76,12653.898666666666,399.0,99719.0,100218.0
9,500,1,0.76,12846.916,392.0,96141.0,96640.0
10,500,1,0.76,12621.906333333334,391.0,96859.0,97358.0
1,500,1,0.77,12301.511333333334,386.0,96110.0,96609.0
2,500,1,0.77,12633.411,390.0,96316.0,96815.0
3,500,1,0.77,13011.874333333333,411.0,100931.0,101430.0
4,500,1,0.77,12828.365666666667,399.0,97862.0,98361.0
5,500,1,0.77,12714.117666666667,402.0,99185.0,99684.0
6,500,1,0.77,12476.993999999999,398.0,99031.0,99530.0
7,500,1,0.77,12979.268000000002,393.0,97857.0,98356.0
8,500,1,0.77,12702.027333333333,393.0,98461.0,98960.0
9,500,1,0.77,12144.485,390.0,97247.0,97746.0
10,500,1,0.77,12311.354333333331,398.0,97473.0,97972.0
1,500,1,0.78,12669.785999999998,403.0,100948.0,101447.0
2,500,1,0.78,12650.033666666664,411.0,101545.0,102044.0
3,500,1,0.78,12664.663666666667,406.0,99458.0,99957.0
4,500,1,0.78,12392.672,396.0,98692.0,99191.0
5,500,1,0.78,12722.136333333334,403.0,100823.0,101322.0
6,500,1,0.78,12248.009333333335,402.0,98725.0,99224.0
7,500,1,0.78,12346.794,406.0,99972.0,100471.0
8,500,1,0.78,12269.744,402.0,99998.0,100497.0
9,500,1,0.78,11979.556333333334,396.0,99248.0,99747.0
10,500,1,0.78,12608.797666666665,404.0,101175.0,101674.0
1,500,1,0.79,12670.846,404.0,100897.0,101396.0
2,500,1,0.79,12935.963000000002,400.0,101721.0,102220.0
3,500,1,0.79,12669.444666666668,412.0,100820.0,101319.0
4,500,1,0.79,12967.970333333333,414.0,105157.0,105656.0
5,500,1,0.79,12967.964,403.0,100798.0,101297.0
6,500,1,0.79,13035.589666666667,411.0,102928.0,103427.0
7,500,1,0.79,13018.703,406.0,100810.0,101309.0
8,500,1,0.79,13454.200666666666,415.0,104425.0,104924.0
9,500,1,0.79,12800.523000000001,409.0,101318.0,101817.0
10,500,1,0.79,12179.867333333334,402.0,97418.0,97917.0
1,500,1,0.8,13318.350666666665,414.0,102362.0,102861.0
2,500,1,0.8,12663.469,405.0,100545.0,101044.0
3,500,1,0.8,12762.083333333334,408.0,100290.0,100789.0
4,500,1,0.8,13065.667000000001,419.0,103905.0,104404.0
5,500,1,0.8,12991.092000000002,415.0,101608.0,102107.0
6,500,1,0.8,12872.832333333332,405.0,100283.0,100782.0
7,500,1,0.8,13297.086666666668,418.0,103556.0,104055.0
8,500,1,0.8,12852.422666666667,410.0,102053.0,102552.0
9,500,1,0.8,12846.419333333333,404.0,101750.0,102249.0
10,500,1,0.8,12757.078666666668,414.0,101401.0,101900.0
1,500,1,0.81,13700.804999999998,424.0,105488.0,105987.0
2,500,1,0.81,13622.931666666665,424.0,104946.0,105445.0
3,500,1,0.81,13661.311333333333,421.0,105455.0,105954.0
4,500,1,0.81,13689.871999999998,428.0,106424.0,106923.0
5,500,1,0.81,13866.958666666667,413.0,102329.0,102828.0
6,500,1,0.81,13182.272666666666,421.0,104032.0,104531.0
7,500,1,0.81,12628.499333333333,409.0,101558.0,102057.0
8,500,1,0.81,12918.192000000001,419.0,102403.0,102902.0
9,500,1,0.81,13178.663666666667,429.0,106699.0,107198.0
10,500,1,0.81,12627.583333333334,413.0,101737.0,102236.0
1,500,1,0.82,12360.618,399.0,98771.0,99270.0
2,500,1,0.82,13244.749666666665,423.0,105835.0,106334.0
3,500,1,0.82,13111.58533333333,422.0,104941.0,105440.0
4,500,1,0.82,13044.386333333334,418.0,104922.0,105421.0
5,500,1,0.82,12708.724666666667,412.0,101568.0,102067.0
6,500,1,0.82,13012.955333333332,424.0,104467.0,104966.0
7,500,1,0.82,12719.742333333334,409.0,101867.0,102366.0
8,500,1,0.82,13057.381333333333,421.0,103731.0,104230.0
9,500,1,0.82,13310.051333333335,425.0,108158.0,108657.0
10,500,1,0.82,12755.331,411.0,102872.0,103371.0
1,500,1,0.83,13146.379333333332,420.0,104048.0,104547.0
2,500,1,0.83,13367.288666666665,426.0,107259.0,107758.0
3,500,1,0.83,13771.867666666667,435.0,108505.0,109004.0
4,500,1,0.83,14104.799666666666,438.0,109619.0,110118.0
5,500,1,0.83,13648.282333333334,424.0,106772.0,107271.0
6,500,1,0.83,14066.078333333333,430.0,107390.0,107889.0
7,500,1,0.83,13844.837666666666,433.0,108326.0,108825.0
8,500,1,0.83,13795.277666666667,423.0,105450.0,105949.0
9,500,1,0.83,13860.401666666667,420.0,105357.0,105856.0
10,500,1,0.83,13689.678999999998,424.0,107128.0,107627.0
1,500,1,0.84,14020.966333333332,430.0,107114.0,107613.0
2,500,1,0.84,14216.194000000001,427.0,107980.0,108479.0
3,500,1,0.84,14050.336666666668,426.0,104721.0,105220.0
4,500,1,0.84,14108.717999999999,430.0,105905.0,106404.0
5,500,1,0.84,14301.360333333332,427.0,107485.0,107984.0
6,500,1,0.84,13733.406,420.0,105901.0,106400.0
7,500,1,0.84,13898.314333333334,435.0,107464.0,107963.0
8,500,1,0.84,14409.128666666666,436.0,110364.0,110863.0
9,500,1,0.84,13812.822,421.0,105221.0,105720.0
10,500,1,0.84,13700.347666666668,432.0,107070.0,107569.0
1,500,1,0.85,14104.546333333334,428.0,106324.0,106823.0
2,500,1,0.85,14538.539666666666,442.0,109955.0,110454.0
3,500,1,0.85,14020.572666666665,434.0,106905.0,107404.0
4,500,1,0.85,14164.671666666667,435.0,107701.0,108200.0
5,500,1,0.85,14313.735666666667,428.0,105248.0,105747.0
6,500,1,0.85,14097.908666666668,435.0,109117.0,109616.0
7,500,1,0.85,14489.237666666666,438.0,107913.0,108412.0
8,500,1,0.85,14060.906666666668,435.0,109286.0,109785.0
9,500,1,0.85,13993.987333333333,433.0,106737.0,107236.0
10,500,1,0.85,14453.620666666668,436.0,109061.0,109560.0
1,500,1,0.86,14191.809666666668,426.0,104325.0,104824.0
2,500,1,0.86,14737.570333333331,436.0,109116.0,109615.0
3,500,1,0.86,14329.546,440.0,109874.0,110373.0
4,500,1,0.86,14839.934666666668,445.0,110681.0,111180.0
5,500,1,0.86,14181.720666666666,441.0,107986.0,108485.0
6,500,1,0.86,14170.705666666667,427.0,105921.0,106420.0
7,500,1,0.86,14518.706666666665,440.0,107707.0,108206.0
8,500,1,0.86,14639.293666666666,437.0,108116.0,108615.0
9,500,1,0.86,14952.787666666665,451.0,112656.0,113155.0
10,500,1,0.86,14120.599666666667,429.0,107483.0,107982.0
1,500,1,0.87,14337.036999999998,430.0,107208.0,107707.0
2,500,1,0.87,14919.008666666667,441.0,110039.0,110538.0
3,500,1,0.87,15446.099333333332,452.0,112788.0,113287.0
4,500,1,0.87,15115.262,448.0,110338.0,110837.0
5,500,1,0.87,14646.493,440.0,107858.0,108357.0
6,500,1,0.87,15081.211000000001,446.0,109612.0,110111.0
7,500,1,0.87,14898.303666666667,438.0,110168.0,110667.0
8,500,1,0.87,14606.996333333334,439.0,109601.0,110100.0
9,500,1,0.87,14739.466999999999,446.0,110429.0,110928.0
10,500,1,0.87,14982.388666666666,450.0,112177.0,112676.0
1,500,1,0.88,15173.610666666666,449.0,112413.0,112912.0
2,500,1,0.88,14981.149666666666,442.0,110908.0,111407.0
3,500,1,0.88,15492.63,449.0,111943.0,112442.0
4,500,1,0.88,14536.441666666666,431.0,104844.0,105343.0
5,500,1,0.88,14805.962,442.0,108990.0,109489.0
6,500,1,0.88,15128.266000000001,444.0,110579.0,111078.0
7,500,1,0.88,14747.686000000002,441.0,108836.0,109335.0
8,500,1,0.88,14668.846,437.0,107211.0,107710.0
9,500,1,0.88,14872.471666666665,448.0,111645.0,112144.0
10,500,1,0.88,14473.064666666667,447.0,110672.0,111171.0
1,500,1,0.89,14778.745333333334,450.0,110917.0,111416.0
2,500,1,0.89,14604.156666666668,448.0,111043.0,111542.0
3,500,1,0.89,14413.307,442.0,109634.0,110133.0
4,500,1,0.89,14624.019,448.0,110058.0,110557.0
5,500,1,0.89,14746.525333333333,446.0,111685.0,112184.0
6,500,1,0.89,14726.048,448.0,112284.0,112783.0
7,500,1,0.89,14700.568,444.0,111150.0,111649.0
8,500,1,0.89,14893.216,449.0,111798.0,112297.0
9,500,1,0.89,14876.497000000001,458.0,112549.0,113048.0
10,500,1,0.89,14864.406333333332,448.0,112087.0,112586.0
1,500,1,0.9,14992.879333333336,450.0,112776.0,113275.0
2,500,1,0.9,14814.886666666667,449.0,111890.0,112389.0
3,500,1,0.9,15349.600333333334,466.0,116812.0,117311.0
4,500,1,0.9,14779.271999999999,452.0,111197.0,111696.0
5,500,1,0.9,15164.877,454.0,113898.0,114397.0
6,500,1,0.9,15119.050000000001,460.0,114348.0,114847.0
7,500,1,0.9,15329.808666666666,463.0,115731.0,116230.0
8,500,1,0.9,14779.557333333332,446.0,111853.0,112352.0
9,500,1,0.9,15541.767666666667,451.0,112058.0,112557.0
10,500,1,0.9,15528.448666666669,441.0,110483.0,110982.0
1,500,1,0.91,15733.192333333334,464.0,113694.0,114193.0
2,500,1,0.91,15665.060666666666,464.0,116444.0,116943.0
3,500,1,0.91,15670.025333333333,468.0,115953.0,116452.0
4,500,1,0.91,15541.654333333334,468.0,117038.0,117537.0
5,500,1,0.91,15460.174333333334,468.0,115102.0,115601.0
6,500,1,0.91,15397.153666666667,461.0,114500.0,114999.0
7,500,1,0.91,16008.207333333334,463.0,115165.0,115664.0
8,500,1,0.91,15871.835,458.0,114480.0,114979.0
9,500,1,0.91,15154.928666666667,456.0,113449.0,113948.0
10,500,1,0.91,15492.728666666668,466.0,115769.0,116268.0
1,500,1,0.92,15053.330000000002,451.0,111349.0,111848.0
2,500,1,0.92,15534.866999999998,468.0,114519.0,115018.0
3,500,1,0.92,15308.842666666666,459.0,113383.0,113882.0
4,500,1,0.92,15547.333333333334,466.0,115649.0,116148.0
5,500,1,0.92,15600.159,469.0,115964.0,116463.0
6,500,1,0.92,15419.667666666666,465.0,114984.0,115483.0
7,500,1,0.92,15576.191666666666,464.0,116572.0,117071.0
8,500,1,0.92,15656.513666666666,466.0,114661.0,115160.0
9,500,1,0.92,15693.174333333334,468.0,116758.0,117257.0
10,500,1,0.92,15286.257,462.0,114688.0,115187.0
1,500,1,0.93,15616.487,463.0,114829.0,115328.0
2,500,1,0.93,15738.840666666665,469.0,116220.0,116719.0
3,500,1,0.93,15808.627,472.0,116598.0,117097.0
4,500,1,0.93,16153.309000000001,480.0,118735.0,119234.0
5,500,1,0.93,15585.714333333335,463.0,114694.0,115193.0
6,500,1,0.93,15996.966666666667,470.0,117836.0,118335.0
7,500,1,0.93,15718.167,469.0,116538.0,117037.0
8,500,1,0.93,15732.922333333334,468.0,116734.0,117233.0
9,500,1,0.93,15662.677000000001,470.0,115974.0,116473.0
10,500,1,0.93,15990.893000000002,474.0,118068.0,118567.0
1,500,1,0.94,16032.338333333333,473.0,117864.0,118363.0
2,500,1,0.94,16181.340333333334,477.0,118546.0,119045.0
3,500,1,0.94,16043.746666666668,476.0,117828.0,118327.0
4,500,1,0.94,15945.599333333332,467.0,116901.0,117400.0
5,500,1,0.94,15641.186,465.0,114935.0,115434.0
6,500,1,0.94,16027.691,473.0,117573.0,118072.0
7,500,1,0.94,15946.973666666667,473.0,117521.0,118020.0
8,500,1,0.94,16396.785333333333,479.0,119791.0,120290.0
9,500,1,0.94,16168.483333333332,474.0,118239.0,118738.0
10,500,1,0.94,15793.946666666665,469.0,116920.0,117419.0
1,500,1,0.95,16234.637,478.0,118963.0,119462.0
2,500,1,0.95,16034.574,467.0,116857.0,117356.0
3,500,1,0.95,16075.664333333332,471.0,117423.0,117922.0
4,500,1,0.95,15946.154333333332,467.0,115867.0,116366.0
5,500,1,0.95,16393.496,479.0,118527.0,119026.0
6,500,1,0.95,17165.164999999997,485.0,120879.0,121378.0
7,500,1,0.95,16803.413,480.0,117807.0,118306.0
8,500,1,0.95,17026.145666666667,477.0,118783.0,119282.0
9,500,1,0.95,16938.701333333334,473.0,118014.0,118513.0
10,500,1,0.95,16738.90966666667,471.0,115820.0,116319.0
1,500,1,0.96,16910.440666666665,479.0,118553.0,119052.0
2,500,1,0.96,16875.798333333332,474.0,116663.0,117162.0
3,500,1,0.96,17728.178,481.0,120380.0,120879.0
4,500,1,0.96,17367.507,485.0,120385.0,120884.0
5,500,1,0.96,17479.083,479.0,119314.0,119813.0
6,500,1,0.96,16784.557666666664,479.0,118899.0,119398.0
7,500,1,0.96,17566.543999999998,489.0,121452.0,121951.0
8,500,1,0.96,17675.951333333334,479.0,118247.0,118746.0
9,500,1,0.96,17347.307666666668,481.0,118262.0,118761.0
10,500,1,0.96,17581.161666666667,487.0,121045.0,121544.0
1,500,1,0.97,17334.403000000002,482.0,119355.0,119854.0
2,500,1,0.97,17469.976333333332,484.0,120569.0,121068.0
3,500,1,0.97,17139.111,487.0,121283.0,121782.0
4,500,1,0.97,17709.524666666664,488.0,121610.0,122109.0
5,500,1,0.97,17632.956000000002,487.0,120464.0,120963.0
6,500,1,0.97,18052.384666666665,489.0,121128.0,121627.0
7,500,1,0.97,17662.753,489.0,120712.0,121211.0
8,500,1,0.97,17798.7,492.0,121647.0,122146.0
9,500,1,0.97,16970.861999999997,479.0,119113.0,119612.0
10,500,1,0.97,17825.536666666667,487.0,121311.0,121810.0
1,500,1,0.98,17970.297000000002,490.0,121245.0,121744.0
2,500,1,0.98,17844.474333333335,490.0,122157.0,122656.0
3,500,1,0.98,17893.104000000003,491.0,121729.0,122228.0
4,500,1,0.98,18108.923,491.0,121816.0,122315.0
5,500,1,0.98,17834.239,488.0,120922.0,121421.0
6,500,1,0.98,18238.827666666668,493.0,122597.0,123096.0
7,500,1,0.98,17750.09933333333,489.0,121302.0,121801.0
8,500,1,0.98,17910.855666666666,490.0,120993.0,121492.0
9,500,1,0.98,18113.38333333333,492.0,122548.0,123047.0
10,500,1,0.98,17819.531666666666,493.0,122168.0,122667.0
1,500,1,0.99,18221.959666666666,495.0,123463.0,123962.0
2,500,1,0.99,18491.931666666667,496.0,123044.0,123543.0
3,500,1,0.99,18333.268,496.0,122836.0,123335.0
4,500,1,0.99,18090.658333333333,490.0,122346.0,122845.0
5,500,1,0.99,18364.107333333333,499.0,123770.0,124269.0
6,500,1,0.99,18233.31,496.0,123134.0,123633.0
7,500,1,0.99,18366.628333333338,496.0,123225.0,123724.0
8,500,1,0.99,18334.589333333333,497.0,123662.0,124161.0
9,500,1,0.99,18206.935999999998,494.0,122410.0,122909.0
10,500,1,0.99,18330.342333333334,495.0,122658.0,123157.0
